{
  "embeddings": {
    "温泉について教えてください": [
      0.8164965809277261,
      0.4082482904638631,
      0.4082482904638631,
      0.0,
      0.0
    ],
    "子供連れで利用できますか": [
      0.10880354366823206,
      0.08160265775117405,
      0.06346873380646871,
      0.0997365816958794,
      0.08160265775117405
    ],
    "食事はどのようなものが出ますか": [
      0.09869115638734509,
      0.04876316104766993,
      0.028686899426638608,
      0.1236094742810256,
      0.07893465319941324
    ],
    "チェックインの時間は何時ですか": [
      0.961001477844976,
      0.010020870467622274,
      0.031064698449629047,
      0.04634652591275301,
      0.06688931037137867
    ],
    "駐車場はありますか": [
      0.3210668428126551,
      0.06414277172200862,
      0.06414277172200862,
      0.06414277172200862,
      0.06414277172200862
    ]
  },
  "similarities": {
    "温泉について教えてください": {
      "温泉について教えてください": 1.0000000000000002,
      "子供連れで利用できますか": 0.14806286899655358,
      "食事はどのようなものが出ますか": 0.11219984654303003,
      "チェックインの時間は何時ですか": 0.8014275342001194,
      "駐車場はありますか": 0.3145223332080404
    },
    "子供連れで利用できますか": {
      "温泉について教えてください": 0.14806286899655358,
      "子供連れで利用できますか": 1.0000000000000058,
      "食事はどのようなものが出ますか": 0.9586575405019845,
      "チェックインの時間は何時ですか": 0.1883140555355881,
      "駐車場はありますか": 0.8316977970951335
    },
    "食事はどのようなものが出ますか": {
      "温泉について教えてください": 0.11219984654303003,
      "子供連れで利用できますか": 0.9586575405019845,
      "食事はどのようなものが出ますか": 1.0,
      "チェックインの時間は何時ですか": 0.1738429121834916,
      "駐車場はありますか": 0.8009196384378836
    },
    "チェックインの時間は何時ですか": {
      "温泉について教えてください": 0.8014275342001194,
      "子供連れで利用できますか": 0.1883140555355881,
      "食事はどのようなものが出ますか": 0.1738429121834916,
      "チェックインの時間は何時ですか": 1.0000000000000007,
      "駐車場はありますか": 0.39649222353439995
    },
    "駐車場はありますか": {
      "温泉について教えてください": 0.3145223332080404,
      "子供連れで利用できますか": 0.8316977970951335,
      "食事はどのようなものが出ますか": 0.8009196384378836,
      "チェックインの時間は何時ですか": 0.39649222353439995,
      "駐車場はありますか": 1.0000000000000002
    }
  }
}