{
  "status": "error",
  "errors": [
    "検査中にエラーが発生しました: Seed must be between 0 and 2**32 - 1"
  ],
  "findings": [
    "データエントリ数: 10",
    "カラム: ['question', 'answer', 'embedding']",
    "エントリ 3: エンベディングがほぼすべて0です",
    "平均類似度: 0.5042",
    "最大類似度 (自分自身を除く): 0.9710",
    "最小類似度: 0.0000",
    "類似度が 0.95 を超えるペア: 1"
  ],
  "embedding_samples": {
    "チェックインの時間は何時ですか？": [
      0.016129032258064516,
      0.016129032258064516,
      0.016129032258064516,
      0.016129032258064516,
      0.016129032258064516
    ],
    "駐車場はありますか？": [
      0.0024,
      0.0054,
      0.0013,
      0.0017,
      0.0021
    ],
    "Wi-Fiは利用できますか？": [
      0.0005,
      0.0008,
      0.0001,
      0.0007,
      0.0004
    ],
    "食事のアレルギー対応はできますか？": [
      0.0,
      0.0,
      0.0,
      0.0,
      0.0
    ],
    "部屋のタイプはどのようなものがありますか": [
      0.01234,
      0.56789,
      0.12345,
      0.98765,
      0.54321
    ],
    "温泉の効能は何ですか？": [
      0.0043,
      0.0025,
      0.0022,
      0.0015,
      0.0013
    ],
    "食事はどのような内容ですか？": [
      0.005787125,
      0.003394778,
      0.005787125,
      0.003394778,
      0.003394778
    ],
    "チェックアウトの時間は何時ですか？": [
      0.021341,
      0.01245,
      0.01532,
      0.01945,
      0.01834
    ],
    "子供連れでも大丈夫ですか？": [
      0.0305,
      0.0233,
      0.031,
      0.0305,
      0.0305
    ],
    "周辺の観光スポットはありますか？": [
      0.026978,
      0.027042,
      0.0271,
      0.02712,
      0.027071
    ]
  },
  "high_similarity_pairs": [
    {
      "question1": "Wi-Fiは利用できますか？",
      "question2": "温泉の効能は何ですか？",
      "similarity": 0.9709682739685724
    }
  ]
}